"SLH"	"dockerin"	"cohesin"	"sum_exo"	"sum_endo"	"sum_cellulose_binding_CBM"	"sum_hemicellulase"	"sum_oligosaccharidase"	"GH9"	"GH48"	"GH5"	"GH8"	"GH44"	"GH51"	"GH124"	"GH10"	"GH11"	"GH16"	"GH26"	"GH28"	"GH53"	"GH74"	"GH113"	"GH1"	"GH2"	"GH3"	"GH29"	"GH30"	"GH35"	"GH38"	"GH39"	"GH42"	"GH43"	"GH52"	"GH94"	"GH116"	"GH120"	"GH125"	"CBM2"	"CBM3"	"CBM4"	"CBM6"	"CBM9"	"CBM16"	"CBM30"	"CBM37"	"CBM44"	"CBM63"	"CBM40"	"CBM48"	"CBM50"	"CBM66"	"CBM20"	"CBM34"	"CBM35"	"CBM32"	"CBM67"	"CBM57"	"CBM70"	"CBM61"	"CBM42"	"CBM13"	"CBM22"	"CBM25"	"CBM31"	"CBM36"	"CBM51"	"CBM54"	"CBM56"	"AA12"	"AA3"	"AA4"	"AA6"	"AA7"	"CE1"	"CE10"	"CE11"	"CE14"	"CE3"	"CE4"	"CE7"	"GH102"	"GH103"	"GH104"	"GH109"	"GH117"	"GH13"	"GH15"	"GH23"	"GH31"	"GH73"	"GH77"	"GT19"	"GT2"	"GT28"	"GT30"	"GT4"	"GT5"	"GT51"	"GT73"	"GT77"	"GT8"	"GT83"	"GT9"	"PL1"	"PL6"	"GH114"	"GH127"	"GH129"	"GH20"	"GH36"	"GH37"	"GH4"	"GH57"	"GH65"	"GT22"	"GT26"	"GT35"	"GT39"	"GT76"	"GT87"	"GT89"	"GT94"	"PL12"	"PL22"	"CE8"	"CE9"	"GH130"	"GH25"	"GH63"	"GT70"	"GT81"	"CE12"	"CE13"	"CE15"	"GH100"	"GH133"	"GH18"	"GH76"	"GH78"	"GH99"	"GT1"	"GT20"	"GT21"	"GT27"	"PL15"	"CE6"	"GH105"	"GH106"	"GH115"	"GH27"	"GH32"	"GH33"	"GH95"	"GH97"	"GT33"	"PL17"	"PL9"	"GH108"	"CE2"	"GH67"	"GH81"	"GT32"	"GT84"	"PL11"	"CE16"	"CE5"	"GH135"	"GH24"	"GT41"	"GT66"	"AA2"	"GT3"	"GT11"	"GT25"
"Achromobacter_xylosoxidans_Bin4"	NA	NA	NA	0	0	0	1	1	NA	NA	NA	NA	NA	NA	NA	NA	NA	NA	NA	NA	NA	1	NA	NA	NA	1	NA	NA	NA	NA	NA	NA	NA	NA	NA	NA	NA	NA	NA	NA	NA	NA	NA	NA	NA	NA	NA	NA	1	4	8	1	NA	NA	NA	NA	NA	NA	NA	NA	NA	NA	NA	NA	NA	NA	NA	NA	NA	1	4	5	4	4	13	8	1	1	1	5	1	1	3	1	3	1	6	1	5	1	1	1	2	12	1	1	19	1	4	2	1	1	4	5	1	1	NA	NA	NA	NA	NA	NA	NA	NA	NA	NA	NA	NA	NA	NA	NA	NA	NA	NA	NA	NA	NA	NA	NA	NA	NA	NA	NA	NA	NA	NA	NA	NA	NA	NA	NA	NA	NA	NA	NA	NA	NA	NA	NA	NA	NA	NA	NA	NA	NA	NA	NA	NA	NA	NA	NA	NA	NA	NA	NA	NA	NA	NA	NA	NA	NA	NA	NA	NA	NA
"Anaerolinea_thermophila_Bin14"	NA	NA	NA	0	3	5	11	23	NA	NA	2	NA	NA	1	NA	NA	NA	2	NA	NA	NA	7	2	3	2	4	2	NA	3	1	3	1	2	NA	2	NA	NA	NA	NA	NA	NA	NA	2	NA	NA	NA	3	NA	NA	1	21	6	1	1	1	NA	NA	NA	NA	NA	NA	NA	NA	NA	NA	NA	NA	NA	NA	NA	NA	NA	NA	1	6	4	NA	6	NA	2	1	NA	NA	NA	7	NA	6	NA	2	NA	NA	1	NA	28	4	NA	22	1	2	NA	NA	NA	10	NA	NA	NA	1	1	1	1	2	1	4	1	1	1	2	1	3	1	1	2	1	2	1	NA	NA	NA	NA	NA	NA	NA	NA	NA	NA	NA	NA	NA	NA	NA	NA	NA	NA	NA	NA	NA	NA	NA	NA	NA	NA	NA	NA	NA	NA	NA	NA	NA	NA	NA	NA	NA	NA	NA	NA	NA	NA	NA	NA	NA	NA	NA	NA	NA	NA
"Anaerolineaceae_Bin5"	NA	NA	NA	0	3	4	4	9	NA	NA	1	1	NA	1	NA	1	NA	NA	2	NA	NA	NA	1	2	2	2	NA	NA	NA	NA	1	NA	1	NA	NA	NA	1	NA	NA	NA	NA	NA	1	NA	NA	NA	3	NA	NA	1	21	2	1	NA	NA	1	NA	NA	NA	NA	NA	NA	NA	NA	NA	NA	NA	NA	NA	1	NA	NA	1	1	8	1	NA	4	1	3	2	NA	NA	NA	9	NA	9	NA	3	NA	NA	1	1	20	3	NA	23	1	1	NA	NA	NA	11	NA	NA	NA	NA	NA	NA	NA	2	NA	2	2	1	NA	1	1	1	NA	3	NA	2	1	NA	1	2	1	1	1	1	1	NA	NA	NA	NA	NA	NA	NA	NA	NA	NA	NA	NA	NA	NA	NA	NA	NA	NA	NA	NA	NA	NA	NA	NA	NA	NA	NA	NA	NA	NA	NA	NA	NA	NA	NA	NA	NA	NA	NA	NA	NA	NA	NA
"Anaerolineaceae_sp._Bin13"	NA	NA	NA	0	7	10	2	32	NA	NA	3	2	NA	2	NA	NA	NA	NA	NA	NA	NA	2	NA	2	3	4	NA	NA	NA	5	9	NA	5	NA	1	1	NA	2	NA	NA	NA	NA	3	NA	NA	NA	7	NA	NA	1	40	2	2	1	1	NA	1	NA	NA	NA	NA	NA	NA	NA	NA	NA	NA	NA	NA	NA	NA	NA	NA	2	13	3	NA	5	1	3	3	NA	NA	NA	10	NA	9	1	3	3	NA	1	NA	23	3	NA	35	1	4	NA	NA	NA	33	NA	NA	NA	NA	2	NA	1	NA	NA	3	1	2	NA	2	1	1	2	NA	1	NA	1	2	NA	1	2	NA	1	NA	NA	1	1	1	2	1	1	1	1	2	1	1	1	2	1	NA	NA	NA	NA	NA	NA	NA	NA	NA	NA	NA	NA	NA	NA	NA	NA	NA	NA	NA	NA	NA	NA	NA	NA	NA	NA	NA	NA	NA
"Bacteroidetes_sp._Bin9"	NA	NA	NA	0	4	7	30	24	NA	NA	1	1	NA	2	NA	1	NA	NA	NA	1	NA	28	NA	1	3	6	4	NA	1	6	NA	NA	2	NA	1	NA	NA	NA	NA	NA	NA	NA	3	NA	NA	4	NA	NA	NA	2	7	NA	3	NA	NA	5	2	1	1	NA	NA	NA	NA	NA	NA	NA	NA	NA	NA	NA	NA	1	NA	NA	5	3	1	5	1	1	1	NA	NA	NA	9	NA	5	1	3	2	NA	NA	1	14	2	1	16	1	2	NA	NA	NA	1	10	2	NA	NA	NA	NA	2	NA	NA	NA	4	NA	NA	NA	NA	NA	NA	NA	1	NA	5	3	2	NA	3	NA	1	NA	NA	1	NA	2	NA	1	2	NA	2	NA	NA	NA	NA	2	1	1	1	1	2	1	2	2	1	1	1	1	NA	NA	NA	NA	NA	NA	NA	NA	NA	NA	NA	NA	NA	NA	NA	NA	NA	NA
"Bellilinea_caldifistulae_Bin12"	NA	NA	NA	0	2	5	12	9	NA	NA	1	NA	NA	1	NA	NA	NA	2	1	NA	2	5	2	2	1	3	NA	NA	1	1	NA	NA	1	NA	NA	NA	NA	NA	NA	NA	NA	NA	3	NA	NA	NA	2	NA	1	NA	21	4	3	NA	1	NA	NA	NA	NA	1	NA	NA	NA	NA	NA	NA	NA	NA	NA	1	NA	NA	4	NA	12	4	NA	5	1	2	1	NA	NA	NA	8	NA	10	NA	3	NA	NA	1	1	24	4	NA	30	1	2	NA	NA	NA	17	NA	NA	NA	1	NA	NA	NA	2	NA	1	2	1	NA	NA	1	3	1	NA	1	NA	1	NA	1	1	3	1	1	NA	1	NA	NA	NA	NA	NA	NA	NA	1	NA	1	NA	NA	NA	NA	NA	NA	NA	NA	NA	NA	3	NA	NA	NA	NA	1	NA	NA	NA	NA	NA	NA	NA	NA	NA	NA	NA	NA	NA	NA	NA	NA	NA
"Chloroflexi_noval_Bin8"	NA	NA	NA	0	8	2	0	24	NA	NA	3	1	NA	4	NA	NA	NA	NA	NA	NA	NA	NA	NA	4	1	2	NA	NA	NA	2	9	1	3	NA	1	NA	NA	1	NA	NA	NA	NA	2	NA	NA	NA	NA	NA	NA	2	35	5	2	1	NA	NA	1	1	NA	NA	1	NA	NA	NA	NA	NA	NA	NA	NA	NA	2	NA	NA	NA	6	4	NA	4	1	2	3	NA	NA	NA	13	NA	11	2	3	3	NA	1	NA	21	2	NA	40	1	4	NA	NA	NA	28	NA	NA	NA	NA	1	NA	NA	NA	NA	2	2	2	NA	3	1	2	3	NA	2	NA	NA	NA	NA	1	1	NA	1	NA	NA	NA	NA	NA	NA	1	3	NA	1	NA	1	NA	1	1	2	NA	NA	NA	NA	NA	NA	NA	NA	NA	NA	NA	NA	1	NA	NA	NA	NA	NA	NA	NA	NA	NA	NA	NA	NA	NA	NA	NA	NA
"Clostridium_sp._M43_Bin1"	78	52	28	14	16	57	20	17	12	2	4	1	1	1	9	6	5	1	3	NA	1	4	NA	1	NA	3	NA	2	NA	NA	1	NA	7	NA	3	NA	NA	NA	3	17	1	15	9	4	1	2	3	2	1	1	7	NA	NA	1	5	2	NA	NA	NA	NA	3	1	5	3	1	1	1	2	1	NA	NA	NA	4	NA	7	3	NA	1	5	6	2	NA	NA	NA	1	NA	2	1	3	NA	NA	NA	1	11	4	NA	10	2	1	1	NA	1	2	NA	NA	NA	NA	NA	NA	NA	NA	NA	3	NA	NA	NA	1	1	2	2	NA	NA	NA	NA	NA	1	NA	1	NA	NA	NA	NA	2	NA	NA	NA	1	4	NA	NA	NA	1	NA	NA	NA	NA	2	NA	NA	NA	NA	NA	NA	1	NA	NA	NA	2	NA	1	1	1	1	1	1	NA	NA	NA	NA	NA	NA	NA	NA	NA	NA
"Delftia_acidovorans_Bin2"	NA	NA	NA	0	0	0	0	1	NA	NA	NA	NA	NA	NA	NA	NA	NA	NA	NA	NA	NA	NA	NA	NA	NA	1	NA	NA	NA	NA	NA	NA	NA	NA	NA	NA	NA	NA	NA	NA	NA	NA	NA	NA	NA	NA	NA	NA	NA	NA	5	NA	NA	NA	NA	1	NA	NA	NA	NA	NA	1	NA	NA	NA	NA	NA	NA	NA	NA	5	3	3	5	10	8	1	1	1	4	NA	1	2	NA	4	NA	NA	NA	5	NA	1	NA	2	4	1	1	4	NA	4	NA	NA	NA	4	1	NA	NA	1	NA	NA	NA	NA	NA	NA	NA	NA	NA	2	NA	NA	NA	NA	NA	NA	NA	NA	NA	NA	NA	NA	NA	NA	NA	NA	NA	NA	NA	NA	NA	NA	NA	NA	NA	1	NA	NA	NA	NA	NA	NA	NA	NA	NA	NA	NA	NA	NA	NA	NA	NA	NA	NA	NA	2	NA	NA	1	1	1	3	3	NA	NA	NA	NA	NA
"Euryarchaeota_sp._Bin4"	NA	NA	NA	0	0	1	0	0	NA	NA	NA	NA	NA	NA	NA	NA	NA	NA	NA	NA	NA	NA	NA	NA	NA	NA	NA	NA	NA	NA	NA	NA	NA	NA	NA	NA	NA	NA	NA	NA	NA	NA	NA	NA	NA	NA	1	NA	NA	NA	NA	NA	NA	NA	NA	NA	NA	NA	NA	NA	NA	NA	NA	NA	NA	NA	NA	NA	1	NA	1	NA	6	NA	2	NA	NA	NA	NA	NA	NA	NA	NA	NA	1	NA	NA	NA	NA	NA	NA	NA	NA	8	NA	NA	10	NA	NA	NA	NA	NA	1	NA	NA	NA	NA	NA	NA	NA	NA	NA	NA	NA	NA	NA	NA	NA	NA	NA	NA	NA	NA	NA	NA	NA	NA	NA	NA	NA	NA	1	NA	NA	NA	NA	NA	NA	NA	NA	NA	NA	1	NA	NA	NA	NA	NA	NA	NA	NA	NA	NA	NA	NA	NA	NA	1	NA	NA	NA	NA	NA	NA	NA	NA	NA	NA	NA	NA	6	NA	NA	NA	NA
"Methanosarcina_sp._Bin7"	NA	NA	NA	0	0	35	4	0	NA	NA	NA	NA	NA	NA	NA	NA	NA	NA	NA	4	NA	NA	NA	NA	NA	NA	NA	NA	NA	NA	NA	NA	NA	NA	NA	NA	NA	NA	NA	NA	NA	NA	NA	NA	NA	NA	35	NA	NA	NA	NA	1	NA	NA	NA	NA	NA	NA	NA	NA	NA	NA	NA	NA	NA	NA	NA	NA	NA	NA	NA	1	12	NA	1	2	NA	NA	NA	6	2	NA	NA	NA	1	NA	1	3	NA	NA	NA	NA	NA	12	1	NA	17	NA	NA	NA	NA	NA	1	NA	NA	1	NA	NA	NA	NA	NA	NA	NA	2	NA	NA	NA	1	NA	NA	NA	NA	2	NA	1	3	NA	3	NA	NA	NA	1	NA	NA	NA	NA	3	NA	NA	1	NA	NA	NA	NA	NA	NA	NA	NA	NA	NA	NA	NA	NA	NA	NA	NA	NA	4	NA	NA	NA	NA	NA	NA	NA	NA	NA	NA	NA	NA	2	2	1	NA	NA
"Spirochaetes_Bin11"	NA	NA	NA	0	2	1	4	6	NA	NA	1	NA	NA	1	NA	NA	NA	1	NA	1	NA	NA	2	1	3	NA	NA	NA	NA	NA	NA	NA	1	1	NA	NA	NA	NA	NA	NA	NA	NA	1	NA	NA	NA	NA	NA	NA	1	6	NA	NA	NA	NA	NA	NA	NA	NA	NA	NA	NA	NA	NA	NA	NA	NA	NA	NA	NA	2	NA	2	NA	1	4	NA	NA	NA	4	1	NA	NA	NA	10	NA	3	NA	2	1	NA	2	NA	3	2	NA	2	1	2	NA	NA	NA	NA	NA	NA	NA	NA	NA	NA	1	NA	NA	3	2	NA	NA	1	1	NA	NA	NA	NA	NA	NA	NA	NA	2	NA	NA	1	NA	NA	NA	NA	NA	NA	NA	NA	NA	NA	NA	NA	NA	NA	NA	NA	NA	2	NA	NA	NA	NA	NA	1	NA	NA	NA	NA	NA	NA	NA	NA	NA	NA	NA	NA	NA	NA	NA	NA	NA	NA	NA	1	1
"Synergistetes_Bin6"	NA	NA	NA	0	0	0	0	0	NA	NA	NA	NA	NA	NA	NA	NA	NA	NA	NA	NA	NA	NA	NA	NA	NA	NA	NA	NA	NA	NA	NA	NA	NA	NA	NA	NA	NA	NA	NA	NA	NA	NA	NA	NA	NA	NA	NA	NA	NA	NA	3	NA	NA	NA	NA	NA	NA	NA	NA	NA	NA	NA	NA	NA	NA	NA	NA	NA	NA	NA	NA	NA	1	NA	1	NA	NA	NA	NA	NA	1	NA	NA	NA	2	NA	1	NA	4	NA	NA	1	1	3	2	NA	NA	1	1	NA	NA	NA	1	2	NA	NA	NA	NA	NA	NA	NA	NA	NA	1	NA	NA	1	NA	NA	NA	NA	NA	NA	NA	NA	NA	NA	NA	NA	NA	NA	NA	NA	NA	NA	NA	NA	NA	NA	NA	NA	NA	1	NA	NA	NA	NA	NA	NA	NA	NA	NA	NA	NA	NA	NA	NA	NA	NA	NA	NA	NA	NA	NA	NA	NA	NA	NA	NA	NA	NA	NA	NA	NA	NA
"unculture_Rhodocyclaceae_Bin17"	NA	NA	NA	0	0	1	0	1	NA	NA	NA	NA	NA	NA	NA	NA	NA	NA	NA	NA	NA	NA	NA	NA	NA	1	NA	NA	NA	NA	NA	NA	NA	NA	NA	NA	NA	NA	NA	NA	NA	NA	1	NA	NA	NA	NA	NA	NA	2	3	NA	NA	NA	NA	NA	NA	NA	NA	NA	NA	NA	NA	NA	NA	NA	NA	NA	NA	NA	NA	NA	NA	2	5	1	1	NA	1	5	NA	1	1	NA	NA	NA	2	NA	5	NA	1	1	1	2	2	1	11	1	2	NA	NA	NA	3	7	NA	NA	1	NA	NA	NA	NA	NA	NA	NA	NA	NA	NA	1	NA	NA	1	NA	NA	NA	1	NA	NA	NA	NA	NA	NA	NA	NA	NA	NA	NA	NA	NA	NA	NA	NA	NA	NA	NA	NA	NA	NA	NA	NA	NA	NA	NA	NA	NA	NA	NA	NA	NA	NA	NA	NA	NA	NA	NA	NA	1	NA	NA	2	NA	NA	3	NA	NA	NA
